scenario,scale_gev,log10_scale_gev,gY,g2,g3,lambdaH,C5_norm_gev_inverse,mass_norm_ev,m_light_ev,m_middle_ev,m_heavy_ev
eft_only,1000.0,3.0,0.37,0.61,0.82,0.2,9.018140155365104e-16,0.05467183296104749,0.0010743382137649018,0.009341887713038018,0.05385707242953438
eft_only,962.7001604871375,2.9834910442143276,0.36991670735091237,0.6101730980788983,0.8209306663956882,0.200558435387314,9.012359941585591e-16,0.0546367908263292,0.0010736495775005863,0.009335899909042107,0.05382255253398088
eft_only,926.7915990019594,2.966982088428655,0.36983347092785157,0.6103463436002228,0.8218645088060116,0.2011186387005973,9.006568657310136e-16,0.05460168157751704,0.0010729596224497105,0.00932990063724406,0.05378796652449606
eft_only,892.2224210973171,2.9504731326429825,0.3697502906675878,0.610519736773408,0.822801545336406,0.2016806192810368,9.000766268854565e-16,0.05456650501040312,0.001072268344599603,0.009323889862750841,0.05375331419991525
eft_only,858.9426679806096,2.93396417685731,0.3696671665069909,0.6106932778083048,0.8237417942371363,0.20224438654744792,8.99495274234858e-16,0.054531260919651124,0.0010715757399154344,0.009317867550476632,0.05371859535796211
eft_only,826.9042443141822,2.9174552210716374,0.36958409838302986,0.6108669669151826,0.8246852739047884,0.20280994999711188,8.989128043734237e-16,0.054495949098787216,0.0010708818043400291,0.009311833665141206,0.05368380979523978
eft_only,796.0608487087584,2.900946265285965,0.36950108623277284,0.611040804304729,0.8256320028837818,0.20337731920662536,8.983292138764393e-16,0.054460569340190536,0.0010701865337936736,0.009305788171268368,0.053648957307221475
eft_only,766.3679068094485,2.8844373095002926,0.3694181299933869,0.6112147901880516,0.8265819998679012,0.20394650383276025,8.977444993001152e-16,0.05442512143508378,0.0010694899241738992,0.00929973103318432,0.05361403768824107
eft_only,737.7825068776478,2.8679283537146203,0.3693352296021378,0.6113889247766795,0.8275352837018463,0.20451751361333526,8.971586571814274e-16,0.054389605173523585,0.0010687919713553607,0.009293662215016001,0.053579050731483974
eft_only,710.2633377757135,2.8514193979289475,0.36925238499638985,0.6115632082825634,0.8284918733828016,0.2050903583680984,8.9657168403796e-16,0.054354020344390956,0.0010680926711895977,0.00928758168068948,0.05354399622897733
eft_only,683.7706292648094,2.834910442143275,0.36916959611360556,0.6117376409180773,0.8294517880620265,0.2056650479996217,8.959835763677426e-16,0.05431836673538145,0.0010673920195048527,0.00928148939392826,0.05350887397158053
eft_only,658.2660945296229,2.818401486357603,0.3690868628913456,0.6119122228960195,0.8304150470464651,0.20624159249420743,8.95394330649088e-16,0.05428264413299527,0.0010666900121058768,0.009275385318251632,0.05347368374897545
eft_only,633.7128748469087,2.80189253057193,0.36900418526726864,0.6120869544296139,0.8313816698003776,0.2068200019228064,8.948039433404279e-16,0.054246852322527364,0.0010659866447737475,0.009269269416972868,0.05343842534965667
eft_only,610.0754863178843,2.7853835747862576,0.36892156317913083,0.6122618357325104,0.8323516759469923,0.20740028644194877,8.942124108801459e-16,0.05421099108805726,0.0010652819132656486,0.009263141653197646,0.05340309856092142
eft_only,587.3197685874957,2.7688746190005853,0.368838996564786,0.6124368670187865,0.8333250852701785,0.20798245629468717,8.93619729686409e-16,0.054175060212438904,0.0010645758133146865,0.00925700198982214,0.053367703168859686
eft_only,565.41283547645,2.7523656632149125,0.36875648536218536,0.6126120485029488,0.8343019177161414,0.20856652181155227,8.930258961569984e-16,0.054139059477290315,0.001063868340629688,0.009250850389531431,0.05333223895834386
eft_only,544.3230274546659,2.73585670742924,0.36867402950937705,0.6127873803999331,0.8352821933951393,0.20915249341152153,8.924309066691362e-16,0.0541029886629832,0.001063159490894977,0.009244686814797563,0.05329670571301868
eft_only,524.0198658874514,2.719347751643568,0.3685916289445063,0.6129628629251064,0.8362659325832223,0.20974038160300076,8.91834757579313e-16,0.054066847548632356,0.0010624492597701835,0.009238511227877853,0.05326110321529062
eft_only,504.47400898829727,2.702838795857895,0.368509283605815,0.6131384962942675,0.8372531557239944,0.210330196984819,8.912374452231107e-16,0.05403063591208507,0.0010617376428900382,0.009232323590813036,0.053225431246317616
eft_only,485.6572094146234,2.6863298400722226,0.36842699343164154,0.6133142807236485,0.8382438834303974,0.21092195024723676,8.906389659150262e-16,0.05399435352991032,0.0010610246358641337,0.009226123865425406,0.05318968958599831
eft_only,467.54227344519336,2.6698208842865503,0.3683447583604207,0.6134902164299153,0.8392381364865195,0.2115156521729679,8.90039315948291e-16,0.05395800017738791,0.0010603102342767552,0.009219912013316983,0.053153878012961335
eft_only,450.1030216802083,2.6533119285008775,0.36826257833068343,0.6136663036301696,0.8402359358494259,0.21211131363821534,8.894384915946894e-16,0.05392157562849742,0.001059594433686618,0.009213687995867605,0.053117996304554556
eft_only,433.3142512072821,2.636802972715205,0.36818045328105664,0.613842542541949,0.8412373026510142,0.2127089456137208,8.888364891043765e-16,0.05388507965590717,0.001058877229626681,0.00920745177423308,0.053082044236834096
eft_only,417.1516991786143,2.620294016929533,0.36809838315026294,0.6140189333832293,0.8422422581998937,0.2133085591658286,8.88233304705691e-16,0.05384851203096288,0.001058158617603904,0.009201203309343193,0.053046021584553134
eft_only,401.5920077467337,2.60378506114386,0.3680163678771205,0.6141954763724244,0.8432508239832892,0.21391016545756403,8.876289346049698e-16,0.053811872523676425,0.0010574385930990518,0.009194942561899833,0.053009928121150955
eft_only,386.6126903081323,2.5872761053581876,0.367934407400543,0.6143721717283885,0.8442630216689694,0.2145137757497261,8.87023374986357e-16,0.053775160902714246,0.0010567171515664415,0.009188669492374985,0.05297376361874139
eft_only,372.192099006003,2.5707671495725153,0.3678525016595392,0.6145490196704166,0.8452788731072006,0.2151194014019954,8.86416622011613e-16,0.05373837693538581,0.0010559942884337309,0.009182384061008764,0.0529375278481016
eft_only,358.3093934451233,2.5542581937868425,0.3677706505932128,0.6147260204182459,0.8462984003327256,0.2157270538740564,8.858086718199219e-16,0.053701520387631894,0.0010552699991016586,0.009176086227807427,0.052901220578660396
eft_only,344.9445105736691,2.53774923800117,0.3676888541407625,0.6149031741920566,0.8473216255667873,0.21633674472674336,8.851995205276865e-16,0.05366459102401218,0.001054544278943869,0.009169775952541237,0.052864841578486074
eft_only,332.07813568842835,2.521240282215498,0.3676071122414815,0.6150804812124737,0.8483485712191619,0.21694848562319793,8.845891642283361e-16,0.0536275886076936,0.0010538171233066018,0.009163453194742453,0.05282839061427499
eft_only,319.6916745215194,2.5047313264298254,0.36752542483475736,0.6152579417005675,0.8493792598901887,0.2175622883300257,8.839775989921371e-16,0.05359051290043887,0.0010530885275085121,0.009157117913703446,0.05279186745134013
eft_only,307.76722636826815,2.4882223706441526,0.36744379186007203,0.6154355558778551,0.8504137143728866,0.21817816471849263,8.83364820865976e-16,0.05355336366259327,0.001052358486840416,0.009150770068474335,0.05275527185359824
eft_only,296.28755821741294,2.4717134148584803,0.3673622132570014,0.6156133239663019,0.8514519576550699,0.21879612676572907,8.827508258731545e-16,0.053516140653072294,0.0010516269965650128,0.009144409617860966,0.05271860358355753
eft_only,285.23607984624556,2.455204459072808,0.3672806889652153,0.6157912461883215,0.8524940129214932,0.21941618655595022,8.821356100131829e-16,0.053478843629349126,0.001050894051916681,0.009138036520422705,0.052681862402305435
eft_only,274.59681984470257,2.4386955032871356,0.3671992189244772,0.6159693227667785,0.8535399035560242,0.22003835628169358,8.815191692615731e-16,0.053441472347442016,0.0010501596481011862,0.009131650734470361,0.05264504806949611
eft_only,264.3544025337525,2.422186547501463,0.3671178030746441,0.6161475539249885,0.8545896531438465,0.22066264824507376,8.809014995696253e-16,0.05340402656190144,0.001049423780295475,0.009125252218063882,0.052608160343337845
eft_only,254.4940257447249,2.4056775917157904,0.36703644135566615,0.61632593988672,0.8556432854736927,0.2212890748590548,8.802825968642155e-16,0.05336650602579713,0.0010486864436473852,0.009118840929010242,0.05257119898058022
eft_only,245.00143942746436,2.389168635930118,0.3669551337075868,0.6165044808761948,0.856700824540107,0.22191764864874064,8.79662457047578e-16,0.053328910490704984,0.0010479476332754022,0.009112416824861143,0.052534163736501265
eft_only,235.8629250563994,2.3726596801444453,0.3668738800705424,0.6166831771180902,0.8577622945457403,0.22254838225268375,8.790410759970869e-16,0.053291239706693715,0.0010472073442683947,0.009105979862910786,0.052497054364894255
eft_only,227.0652758047614,2.356150724358773,0.3667926803847619,0.616862028837539,0.8588277199036756,0.22318128842421242,8.784184495650334e-16,0.05325349342231143,0.001046465571685346,0.00909953000019347,0.052459870618054565
eft_only,218.59577745829995,2.3396417685731006,0.3667115345905671,0.617041036260132,0.8598971252397861,0.22381638003277715,8.777945735784013e-16,0.05321567138457202,0.0010457223105551027,0.009093067193481423,0.052422612246766156
eft_only,210.44219004091573,2.323132812787428,0.3666304426283719,0.617220199611918,0.8609705353951265,0.2244536700653161,8.771694438386404e-16,0.05317777333894133,0.0010449775558760868,0.009086591399282315,0.052385279000288075
eft_only,202.5927301256543,2.3066238570017554,0.3665494044386825,0.6173995191194055,0.8620479754283558,0.22509317162764036,8.765430561214355e-16,0.05313979902932329,0.0010442313026160152,0.009080102573836945,0.052347870626340706
eft_only,195.03605380549473,2.290114901216083,0.36646841996209706,0.6175789950095644,0.8631294706181954,0.22573489794583923,8.759154061764743e-16,0.05310174819804573,0.001043483545711666,0.009073600673116782,0.05231038687109182
eft_only,187.76124029932757,2.2736059454304103,0.36638748913930574,0.6177586275098264,0.8642150464659214,0.22637886236770546,8.752864897272116e-16,0.05306362058584611,0.001042734280068532,0.00906708565282157,0.05227282747914254
eft_only,180.75777616942665,2.257096989644738,0.3663066119110901,0.6179384168480863,0.8653047286978898,0.22702507836418157,8.746563024706306e-16,0.05302541593185714,0.0010419835005605921,0.009060557468376838,0.052235192193513066
eft_only,174.01554012760514,2.2405880338590656,0.36622578821832336,0.6181183632527039,0.866398543268099,0.22767355953082669,8.740248400770026e-16,0.05298713397359208,0.001041231202029996,0.009054016074931387,0.052197480755628425
eft_only,167.52478840810122,2.224079078073393,0.3661450180019699,0.6182984669525045,0.8674965163607873,0.2283243195893051,8.733920981896421e-16,0.05294877444692998,0.0010404773792867812,0.009047461427354787,0.052159692905303666
eft_only,161.2761406860528,2.2075701222877204,0.3660643012030853,0.6184787281767805,0.8685986743930665,0.22897737238889598,8.727580724246612e-16,0.05291033708610074,0.0010397220271085843,0.009040893480234838,0.052121828380729304
eft_only,155.2605665212092,2.191061166502048,0.36598363776281595,0.6186591471552926,0.8697050440175924,0.22963273190802544,8.72122758370719e-16,0.052871821623669976,0.0010389651402403297,0.00903431218787493,0.05208388691845643
eft_only,149.46937230729182,2.1745522107163753,0.36590302762239907,0.6188397241182706,0.8708156521252732,0.23029041225582061,8.714861515887696e-16,0.052833227790523685,0.001038206713393948,0.009027717504291467,0.052045868253381436
eft_only,143.89418870814154,2.158043254930703,0.36582247072316243,0.6190204592964152,0.8719305258480148,0.23095042767368645,8.708482476118071e-16,0.052794555315852795,0.0010374467412480374,0.009021109383211223,0.05200777211873101
eft_only,138.52695856249431,2.1415342991450306,0.3657419670065241,0.6192013529208993,0.8730496925615056,0.23161279253690556,8.702090419446066e-16,0.05275580392713753,0.0010366852184476142,0.009014487778068639,0.051969598246046536
eft_only,133.3599252399082,2.1250253433593578,0.36566151641399247,0.6193824052233684,0.8741731798880391,0.2322775213562611,8.695685300634641e-16,0.052716973350131514,0.0010359221396037484,0.009007852642003161,0.05193134636516861
eft_only,128.38562143101228,2.1085163875736854,0.3655811188871658,0.6195636164359428,0.8753010156993769,0.23294462877968325,8.689267074159317e-16,0.052678063308845856,0.0010351574992932626,0.009001203927856468,0.051893016204221265
eft_only,123.59685835587642,2.092007431788013,0.36550077436773243,0.6197449867912183,0.8764332281196514,0.2336141295939201,8.682835694205507e-16,0.05263907352553288,0.0010343912920584316,0.008994541588169716,0.05185460748959591
eft_only,118.98671537490812,2.0754984760023403,0.36542048279747014,0.6199265165222675,0.8775698455283083,0.23428603872623222,8.676391114665827e-16,0.052600003720669856,0.0010336235124066419,0.008987865575180769,0.051816119945935386
eft_only,114.5485299872614,2.058989520216668,0.36534024411824634,0.6201082058626416,0.8787108965630914,0.234960371246112,8.669933289137351e-16,0.05256085361294233,0.0010328541548100744,0.00898117584082132,0.05177755329611755
eft_only,110.27588820230224,2.0424805644309956,0.36526005827201763,0.6202900550463707,0.8798564101230678,0.23563714236702824,8.663462170918865e-16,0.05252162291922754,0.001032083213705384,0.008974472336714074,0.051738907261238795
eft_only,106.16261527021788,2.0259716086453228,0.3651799252008298,0.620472064307966,0.8810064153716956,0.23631636744819554,8.656977713008072e-16,0.052482311354577385,0.001031310683493349,0.008967755014169864,0.0517001815605975
eft_only,102.202766758373,2.0094626528596504,0.36509984484681773,0.6206542338824202,0.8821609417399344,0.23699806199636958,8.65047986809878e-16,0.05244291863220144,0.001030536558538538,0.008961023824184709,0.051661375911677104
eft_only,98.39061996051517,1.992953697073978,0.36501981715220494,0.6208365640052099,0.8833200189293987,0.2376822416676682,8.643968588578043e-16,0.052403444463449626,0.0010297608331689963,0.008954278717436839,0.0516224900301291
eft_only,94.72066562641687,1.9764447412883055,0.3649398420593036,0.6210190549122957,0.8844836769155551,0.2383689222694188,8.637443826523289e-16,0.05236388855779475,0.0010289835016758669,0.00894751964428378,0.05158352362975588
eft_only,91.1876,1.9599357855026331,0.3648599195105142,0.6212017068401241,0.8856519459509629,0.23905811976203226,8.630905533699404e-16,0.05232425062281486,0.001028204558313074,0.008940746554759287,0.05154447642249328
full,1000.0,3.0,0.3554014832693349,0.6421631021084809,1.069169733532734,0.34463897431775464,9.096026492541201e-16,0.055144013337785826,0.001083362655428862,0.009438308220518752,0.05431948886255475
full,962.7001604871375,2.9834910442143276,0.35532766386202763,0.6423650590555051,1.071235164182804,0.34581709782404585,9.085867373299788e-16,0.05508242440030769,0.0010821526424642292,0.009427766737246959,0.05425882082963175
full,926.7915990019594,2.966982088428655,0.35525389043406275,0.6425672066656778,1.073312611313837,0.34700179466755854,9.075681198537675e-16,0.055020671440660564,0.0010809394072028389,0.009417197180581097,0.05419799122699229
full,892.2224210973171,2.9504731326429825,0.3551801629377286,0.6427695452391894,1.0754021918975334,0.3481931311045628,9.065467818134584e-16,0.05495875354875098,0.0010797229317652838,0.009406599394752704,0.05413699915815067
full,858.9426679806096,2.93396417685731,0.355106481325383,0.6429720750768925,1.077504024505912,0.34939117435179906,9.055227080464673e-16,0.05489666980535803,0.0010785031980928524,0.009395973222431098,0.054075843717630245
full,826.9042443141822,2.9174552210716374,0.35503284554945286,0.6431747964803036,1.079618229339503,0.3505959926042852,9.044958832375356e-16,0.05483441928200508,0.0010772801879449531,0.009385318504701432,0.054014523990836956
full,796.0608487087584,2.900946265285965,0.35495925556243413,0.6433777097516052,1.0817449282563354,0.3518076550535612,9.03466291916486e-16,0.054772001040823644,0.0010760538828965354,0.00937463508104133,0.05395303905392539
full,766.3679068094485,2.8844373095002926,0.35488571131689156,0.6435808151936476,1.0838842448014274,0.35302623190632965,9.024339184560083e-16,0.05470941413441914,0.0010748242643353668,0.009363922789298032,0.053891387973666466
full,737.7825068776478,2.8679283537146203,0.3548122127654588,0.6437841131099507,1.0860363042369092,0.3542517944035146,9.013987470694017e-16,0.05464665760573407,0.0010735913134593922,0.009353181465664828,0.05382956980731261
full,710.2633377757135,2.8514193979289475,0.3547387598608381,0.6439876038047057,1.0882012335728126,0.3554844148397561,9.00360761808274e-16,0.0545837304879085,0.001072355011273973,0.009342410944657318,0.05376758360246047
full,683.7706292648094,2.834910442143275,0.3546653525558001,0.6441912875827775,1.0903791615985396,0.35672416658335143,8.99319946560192e-16,0.05452063180413765,0.0010711153385891056,0.009331611059088916,0.05370542839691044
full,658.2660945296229,2.818401486357603,0.35459199080318404,0.6443951647497067,1.0925702189150373,0.3579711240966585,8.982762850462868e-16,0.054457360567526696,0.0010698722760165511,0.009320781640046093,0.053643103218523835
full,633.7128748469087,2.80189253057193,0.35451867455589725,0.6445992356117107,1.094774537967688,0.3592253629569743,8.972297608188114e-16,0.054393915780942645,0.0010686258039669266,0.009309922516862978,0.053580607085076816
full,610.0754863178843,2.7853835747862576,0.3544454037669153,0.6448035004756865,1.0969922530799425,0.3604869598779016,8.961803572586492e-16,0.05433029643686338,0.001067375902646759,0.009299033517095528,0.05351793900411182
full,587.3197685874957,2.7688746190005853,0.35437217838928164,0.6450079596492121,1.099223500487709,0.3617559927312182,8.951280575727751e-16,0.054266501517223724,0.0010661225520554433,0.009288114466495174,0.05345509797278578
full,565.41283547645,2.7523656632149125,0.35429899837610773,0.6452126134405487,1.1014684183745203,0.3630325405692622,8.94072844791669e-16,0.05420252999325857,0.0010648657319821666,0.009277165188981994,0.05339208297771578
full,544.3230274546659,2.73585670742924,0.3542258636805727,0.6454174621586427,1.103727146907497,0.3643166836478458,8.930147017666767e-16,0.054138380825342995,0.001063605422002762,0.009266185506617316,0.053328892994821374
full,524.0198658874514,2.719347751643568,0.3541527742559233,0.6456225061131273,1.1059998282741248,0.36560850344971346,8.919536111673248e-16,0.054074052962829355,0.0010623416014765156,0.009255175239575876,0.05326552698916427
full,504.47400898829727,2.702838795857895,0.35407973005547383,0.6458277456143251,1.1082866067198662,0.36690808270855535,8.908895554785824e-16,0.054009545343881374,0.001061074249542899,0.009244134206117369,0.053201983914784846
full,485.6572094146234,2.6863298400722226,0.35400673103260594,0.6460331809732492,1.1105876285866247,0.36821550543359166,8.898225169980737e-16,0.05394485689530513,0.0010598033451182532,0.009233062222557587,0.05313826271453561
full,467.54227344519336,2.6698208842865503,0.3539337771407685,0.6462388125016061,1.1129030423520807,0.36953085693474086,8.88752477833239e-16,0.05387998653237688,0.0010585288668924161,0.009221959103238864,0.053074362319911667
full,450.1030216802083,2.6533119285008775,0.3538608683334776,0.6464446405117971,1.115232998669917,0.3708542238483846,8.876794198984424e-16,0.05381493315866787,0.0010572507933252558,0.009210824660500194,0.05301028165087813
full,433.3142512072821,2.636802972715205,0.35378800456431625,0.6466506653169202,1.1175776504109556,0.37218569416374414,8.866033249120305e-16,0.05374969566586584,0.0010559691026431946,0.009199658704646589,0.05294601961569425
full,417.1516991786143,2.620294016929533,0.3537151857869343,0.6468568872307726,1.1199371527052207,0.373525357249881,8.85524174393335e-16,0.05368427293359344,0.0010546837728356063,0.009188461043918052,0.05288157511073466
full,401.5920077467337,2.60378506114386,0.3536424119550485,0.6470633065678527,1.1223116629849508,0.3748733038833361,8.844419496596242e-16,0.05361866382922334,0.0010533947816512258,0.009177231484457921,0.05281694702030711
full,386.6126903081323,2.5872761053581876,0.353569683022442,0.6472699236433613,1.124701341028575,0.37622962627642,8.833566318230002e-16,0.053552867207690175,0.001052102106594417,0.009165969830280646,0.052752134216467315
full,372.192099006003,2.5707671495725153,0.35349699894296477,0.6474767387732046,1.1271063490056772,0.3775944181061692,8.822682017872409e-16,0.053486881911299085,0.0010508057249214258,0.009154675883239101,0.05268713555883037
full,358.3093934451233,2.5542581937868425,0.3534243596705328,0.6476837522739957,1.12952685152607,0.37896777454494285,8.811766402434945e-16,0.05342070676946465,0.0010495056136352722,0.009143349442979823,0.052621949894313444
full,344.9445105736691,2.53774923800117,0.3533517651591287,0.6478909644630566,1.131963015683563,0.38034979229068977,8.800819276687192e-16,0.05335434059861637,0.0010482017494838397,0.00913199030692686,0.05255657605704292
full,332.07813568842835,2.521240282215498,0.35327921536280094,0.6480983756584207,1.134415011103384,0.3817405695973212,8.789840443222608e-16,0.05328778220199111,0.0010468941089558552,0.009120598270246255,0.05249101286814969
full,319.6916745215194,2.5047313264298254,0.3532067102356641,0.6483059861788343,1.1368830099950158,0.38314020630745815,8.778829702410701e-16,0.053221030369343246,0.0010455826682751717,0.009109173125796425,0.05242525913548381
full,307.76722636826815,2.4882223706441526,0.3531342497318987,0.648513796343759,1.1393671872027944,0.384548803885374,8.767786852363436e-16,0.053154083876740914,0.0010442674033967528,0.009097714664093308,0.05235931365341369
full,296.28755821741294,2.4717134148584803,0.353061833805751,0.6487218064733739,1.141867720257723,0.3859664654507194,8.756711688900634e-16,0.053086941486356315,0.0010429482900025672,0.009086222673274425,0.05229317520261964
full,285.23607984624556,2.455204459072808,0.35298946241153295,0.6489300168885768,1.1443847894305452,0.38739329581306703,8.745604005514369e-16,0.05301960194624982,0.001041625303497351,0.009074696939062,0.05222684254988111
full,274.59681984470257,2.4386955032871356,0.35291713550362186,0.6491384279109876,1.146918577786126,0.38882940150731,8.73446359333238e-16,0.05295206399014824,0.0010402984190042372,0.009063137244724937,0.05216031444785828
full,264.3544025337525,2.422186547501463,0.3528448530364607,0.6493470398629494,1.1494692712391859,0.3902748908299511,8.723290241080464e-16,0.05288432633721676,0.0010389676113602936,0.009051543371039819,0.05209358963486744
full,254.4940257447249,2.4056775917157904,0.35277261496455753,0.6495558530675308,1.1520370586114352,0.3917298738763178,8.712083735043881e-16,0.05281638769182494,0.0010376328551118994,0.009039915096250867,0.05202666683465053
full,245.00143942746436,2.389168635930118,0.3527004212424857,0.6497648678485284,1.1546221316901535,0.3931944625787393,8.700843859027736e-16,0.052748246743306644,0.001036294124510063,0.009028252196028841,0.05195954475613856
full,235.8629250563994,2.3726596801444453,0.3526282718248835,0.6499740845304683,1.1572246852882617,0.3946687707457206,8.689570394316371e-16,0.052679902165713735,0.0010349513935055512,0.009016554443428864,0.05189222209320907
full,227.0652758047614,2.356150724358773,0.3525561666664543,0.6501835034386088,1.159844917305934,0.39615291410214987,8.678263119631729e-16,0.052611352617563764,0.0010336046357439573,0.009004821608847262,0.0518246975244375
full,218.59577745829995,2.3396417685731006,0.3524841057219661,0.650393124898942,1.1624830287937922,0.3976470103305749,8.666921811090721e-16,0.05254259674158141,0.0010322538245605883,0.008993053459977309,0.05175696971284266
full,210.44219004091573,2.323132812787428,0.3524120889462517,0.6506029492381964,1.1651392240177356,0.39915117911358416,8.655546242161569e-16,0.05247363316443392,0.0010308989329753174,0.008981249761763918,0.0516890373056259
full,202.5927301256543,2.3066238570017554,0.3523401162942085,0.6508129767838386,1.1678137105254436,0.4006655421773273,8.644136183619148e-16,0.052404460496460255,0.0010295399336872119,0.008969410276357321,0.05162089893390451
full,195.03605380549473,2.290114901216083,0.35226818772079826,0.651023207864076,1.1705066992146063,0.4021902233362132,8.632691403499285e-16,0.052335077331394135,0.0010281767990691368,0.008957534763065638,0.05155255321243877
full,187.76124029932757,2.2736059454304103,0.3521963031810471,0.6512336428078582,1.1732184044029241,0.40372534853881814,8.621211667052061e-16,0.05226548224608089,0.0010268095011621515,0.008945622978306427,0.05148399873935313
full,180.75777616942665,2.257096989644738,0.35212446263004543,0.65144428194488,1.1759490438999234,0.4052710459150427,8.609696736694091e-16,0.052195673800188136,0.0010254380116698476,0.008933674675557158,0.05141523409585117
full,174.01554012760514,2.2405880338590656,0.35205266602294766,0.6516551256055828,1.1786988390806363,0.4068274458245508,8.598146371959761e-16,0.052125650535910215,0.0010240623019525407,0.00892168960530463,0.05134625784592442
full,167.52478840810122,2.224079078073393,0.3519809133149722,0.6518661741211572,1.1814680149611894,0.4083946809065286,8.586560329451463e-16,0.05205541097766645,0.0010226823430213496,0.008909667514993325,0.0512770685360552
full,161.2761406860528,2.2075701222877204,0.35190920446140145,0.6520774278235455,1.1842568002763483,0.40997288613079685,8.574938362788784e-16,0.0519849536317931,0.00102129810553213,0.00889760814897269,0.05120766469491309
full,155.2605665212092,2.191061166502048,0.3518375394175813,0.6522888870454429,1.1870654275590642,0.41156219885031475,8.563280222556681e-16,0.05191427698622924,0.0010199095597792935,0.008885511248443334,0.05113804483304567
full,149.46937230729182,2.1745522107163753,0.3517659181389215,0.6525005521203007,1.1898941332220694,0.4131627588551088,8.551585656252614e-16,0.05184337951019617,0.0010185166756895554,0.00887337655140223,0.0510682074425625
full,143.89418870814154,2.158043254930703,0.35169434058089527,0.652712423382328,1.1927431576415657,0.41477470842766384,8.539854408232655e-16,0.051772259653870785,0.0010171194228154544,0.008861203792586743,0.050998150996813554
full,138.52695856249431,2.1415342991450306,0.3516228066990391,0.6529245011664943,1.195612745243057,0.41639819239981185,8.528086219656547e-16,0.05170091584805243,0.0010157177703288697,0.008848992703417638,0.05092787395006098
full,133.3599252399082,2.1250253433593578,0.3515513164489529,0.653136785808531,1.1985031445893666,0.4180333582111532,8.516280828431749e-16,0.051629346503823725,0.0010143116870143182,0.008836743011941043,0.050857374737144974
full,128.38562143101228,2.1085163875736854,0.3514798697862997,0.6533492776449342,1.2014146084708892,0.41968035596904707,8.504437969156418e-16,0.05155755001220489,0.0010129011412621642,0.008824454442769233,0.050786651773143406
full,123.59685835587642,2.092007431788013,0.35140846666680553,0.6535619770129671,1.2043473939981242,0.4213393385102067,8.492557373061371e-16,0.0514855247438019,0.0010114861010617183,0.008812126717020483,0.05071570345302498
full,118.98671537490812,2.0754984760023403,0.3513371070462595,0.6537748842506619,1.2073017626965328,0.4230104614639349,8.48063876795099e-16,0.051413269048448146,0.0010100665339942082,0.008799759552257647,0.05064452815129658
full,114.5485299872614,2.058989520216668,0.35126579088051335,0.6539879996968219,1.2102779806037705,0.4246938833170349,8.468681878143086e-16,0.05134078125484002,0.001008642407225599,0.008787352662425895,0.050573124221644
full,110.27588820230224,2.0424805644309956,0.3511945181254816,0.6542013236910242,1.213276318369337,0.42638976548043395,8.456686424407729e-16,0.051268059670165886,0.0010072136874993106,0.008774905757789088,0.05050148999656667
full,106.16261527021788,2.0259716086453228,0.35112328873714144,0.6544148565736218,1.2162970513566926,0.4280982723575537,8.444652123904998e-16,0.05119510257972891,0.0010057803411288072,0.00876241854486531,0.050429623787006043
full,102.202766758373,2.0094626528596504,0.35105210267153236,0.6546285986857455,1.219340459747886,0.4298195714144637,8.432578690121724e-16,0.05112190824656337,0.0010043423339900727,0.008749890726361178,0.0503575238819676
full,98.39061996051517,1.992953697073978,0.35098095988475647,0.654842550369307,1.22240682865074,0.43155383325185426,8.420465832807144e-16,0.05104847491104465,0.001002899631513926,0.008737322001105084,0.05028518854813681
full,94.72066562641687,1.9764447412883055,0.3509098603329779,0.6550567119670008,1.2254964482086417,0.4333012316788634,8.408313257907521e-16,0.05097480079049291,0.0010014521986782547,0.008724712063979317,0.050212616029488566
full,91.1876,1.9599357855026331,0.35083880397242295,0.6552710838223057,1.228609613712984,0.43506194378879465,8.396120667499692e-16,0.050900884078770185,0.0010000000000000742,0.008712060605851191,0.05013980454689044
