scale_gev,log10_scale_gev,gY,g2,g3,lambda1,lambda2,lambda3,lambda4,lambda5,mH2_gev2,mEta2_gev2,sqrt_mEta2_gev,max_abs_h,M1_gev,M2_gev,M3_gev,bfb_lambda3_margin,bfb_lambda345_margin
1000000.0,6.0,0.37,0.61,0.82,0.2,0.18,0.1,-0.08,1e-08,-7800.0,1440000.0,1200.0,0.12711208219795395,1000.0,1300.0,1600.0,0.28973665961010275,0.20973664961010274
896150.5019466049,5.9523809523809526,0.36975405008454165,0.6104733612652465,0.8226930950349065,0.2016012340416881,0.17989038932622753,0.09969489570612222,-0.08005394496226784,9.997924840087203e-09,-8024.497554764553,1440977.9915427591,1200.4074273107274,0.1271876599732674,999.9990009783913,1299.9897134444732,1599.9307187152456,0.29013156360494674,0.21007760864475405
803085.7221391521,5.904761904761905,0.36950858998841846,0.6109478262315235,0.8254129000543116,0.20321750865077082,0.17978084319875515,0.09938835201656032,-0.08010709142471842,9.99575480951246e-09,-8247.26038534863,1441959.6877783947,1200.8162589582116,0.1272633767826888,999.9980007051244,1299.9794141794423,1599.86135797136,0.2905286540409787,0.21042155262050552
719685.6730011514,5.857142857142857,0.36926361808796065,0.6114233991945374,0.8281598595116021,0.2048490524888224,0.17967135921516908,0.09908036004202883,-0.08015942740968078,9.993488439774258e-09,-8468.276777302004,1442945.1027167328,1201.2264993400424,0.12733923318952448,999.9969991770724,1299.969102173384,1599.7919175779098,0.29092797585886987,0.21076853845570065
644946.677103762,5.809523809523809,0.3690191327670234,0.6119000844734376,0.8309344282835348,0.20649609978104463,0.17956193495711525,0.09877091079906615,-0.08021094071197626,9.991124236323994e-09,-8687.534939082314,1443934.250466576,1201.6381528840436,0.12741522975983915,999.9959963910954,1299.9587773946325,1599.7223973436164,0.2913295752049607,0.2111186245018602
577969.2884153313,5.761904761904762,0.3687751324169424,0.6123778864109822,0.8337370719866354,0.20815889049361228,0.17945256799012232,0.0984599952080539,-0.08026161889353874,9.988660677968802e-09,-8905.023001142166,1444927.1452365438,1202.0512240485193,0.12749136706247569,999.9949923440388,1299.94843981138,1599.6527970763573,0.2917334994683466,0.2114718705861472
517947.46792312124,5.714285714285714,0.3685316154364889,0.6128568093737037,0.8365682673054358,0.20983767051791036,0.17934325586342317,0.09814760409117446,-0.08031144927787108,9.986096216256544e-09,-9120.729014987857,1445923.8013359215,1202.465717322503,0.12756764566907505,999.9939870327349,1299.938089391682,1599.5831165831614,0.29213979731935125,0.21182833805538395
464158.8833612782,5.666666666666667,0.3682885802318262,0.6133368577520764,0.8394285023330755,0.2115326918619815,0.17923399610977514,0.0978337281703053,-0.08036041894433266,9.983429274842437e-09,-9334.640952209065,1446924.233175518,1202.8816372260064,0.1276440661540965,999.9929804540006,1299.927726103449,1599.5133556701956,0.2925485187494512,0.2121880898216893
415956.2163071843,5.619047619047619,0.36804602521646534,0.6138180359606857,0.8423182769247811,0.2132442128494988,0.17912478624527875,0.09751835806485014,-0.08040851472225248,9.98065824883681e-09,-9546.746703478722,1447928.4552685316,1203.298988310275,0.12772062909483808,999.9919726046406,1299.917349914451,1599.4435141427755,0.2929597151127104,0.21255119040979967
372759.3720314938,5.571428571428571,0.36780394881122175,0.6143003484383989,0.8452381030773052,0.21497249832815465,0.17901562376920854,0.09720148428826615,-0.08045572318399516,9.977781504019171e-09,-9757.034077199416,1448936.4822314195,1203.717775158039,0.12779733507145682,999.9909634814436,1299.9069607923138,1599.3735918053478,0.2933734391682636,0.2129177060064869
334048.4983513244,5.523809523809524,0.36756234944417226,0.6147837996485368,0.8481885054150763,0.2167178199011826,0.17890650616392478,0.09688309723615793,-0.08050203063197847,9.974797375264347e-09,-9965.490796051517,1449948.328784749,1204.1380023837587,0.12787418466698977,999.9899530811847,1299.896558704518,1599.3035884614862,0.2937897451228742,0.21328770451609835
299357.72947204905,5.476190476190476,0.3673212255506119,0.615268394079047,0.8511700212576656,0.21848045610774083,0.17879743089433559,0.0965631872158691,-0.08054742311465396,9.971704168780766e-09,-10172.104504245637,1450964.009754207,1204.5596746339331,0.1279511784673744,999.9889414006252,1299.886143618402,1599.233503913895,0.29420868868930694,0.2136612556029488
268269.57952797273,5.428571428571429,0.3670805755730115,0.6157541362426788,0.8541832012240204,0.2202606926710339,0.17868839540796994,0.09624174442286366,-0.08059188640502415,9.9685001594126e-09,-10376.862760552754,1451983.5400714178,1204.982796587328,0.12802831706146983,999.9879284365104,1299.875715501156,1599.1633379643968,0.2946303271206466,0.21403843074712228
240409.91835099744,5.380952380952381,0.3668403979609755,0.6162410306771604,0.8572286097295096,0.2220588227546076,0.17857939713485008,0.0959187589323691,-0.08063540598963692,9.965183589339676e-09,-10579.75303563897,1453006.9347748319,1205.4073729552313,0.12810560104107804,999.9869141855728,1299.865274319825,1599.093090413929,0.2950547192609656,0.2144193033061451
215443.46900318822,5.333333333333333,0.36660069117119987,0.6167290819453766,0.8603068254208686,0.22387514721790727,0.17847043348727512,0.0955942206986237,-0.08067796706276717,9.961752667465576e-09,-10780.762711400437,1454034.209010654,1205.8334084817247,0.1281830310009652,999.9858986445282,1299.8548200413043,1599.0227610625384,0.29548192560066977,0.2148039485761499
193069.77288832495,5.285714285714286,0.36636145366743067,0.6172182946355483,0.8634184416277364,0.2257099748800565,0.17836150185960803,0.09526811955373407,-0.08071955452017981,9.958205568754746e-09,-10979.879080170269,1455065.378033779,1206.260907943957,0.12826060753888316,999.9848818100804,1299.8443526323445,1598.9523497093794,0.29591200833258846,0.21519244385420305
173019.57388458945,5.238095238095238,0.3661226839204224,0.6177086733614141,0.8665640668322134,0.2275636227928504,0.17825259962806486,0.09494044520615923,-0.0807601529524743,9.954540433519052e-09,-11177.08934380126,1456100.4572087352,1206.689876152417,0.1283383312555912,999.9838636789161,1299.833872059543,1598.881856152706,0.29634503140916985,0.21558486850215514
155051.57798326254,5.190476190476191,0.36588438040789717,0.6182002227624127,0.8697443251578586,0.2294364165239549,0.178143724150507,0.09461118723883824,-0.0807997466380107,9.950755366654231e-09,-11372.380612627938,1457139.4620106355,1207.1203179512122,0.12841620275487775,999.9828442477083,1299.823378289351,1598.8112801898667,0.29678106060112797,0.21598130401236187
138949.5494373139,5.142857142857143,0.3656465416145039,0.6186929475038668,0.8729598568795518,0.23132869045130613,0.17803487276623495,0.09428033510697811,-0.0808383195354175,9.94684843682666e-09,-11565.739904311638,1458182.4080261386,1207.5522382183467,0.12849422264358273,999.9818235131141,1299.8128712880653,1598.7406216172965,0.2972201635578715,0.21638183407560557
124519.70847350318,5.095238095238095,0.36540916603177775,0.6191868522771702,0.8762113189556435,0.23324078806970214,0.17792604279578442,0.09394787813551858,-0.08087585527568103,9.942817675610897e-09,-11757.15414257233,1459229.310954417,1207.9856418660022,0.12857239153161948,999.9808014717762,1299.8023510218347,1598.669880230522,0.29766240987003256,0.21678654465153385
111588.3992507748,5.0476190476190474,0.3651722521581,0.619681941799974,0.8794993855838141,0.23517306231057983,0.17781723154072335,0.09361380551629067,-0.08091233715381707,9.938661076578414e-09,-11946.610155810728,1460280.1866081355,1208.4205338408212,0.12865071003199738,999.9797781203223,1299.7918174566512,1598.5990558241433,0.2981078711343944,0.21719552404191628
100000.0,5.0,0.3649357984986582,0.6201782208163769,0.8828247487820688,0.23712587587597064,0.17770843628345034,0.09327810630488573,-0.08094774812012401,9.93437659433797e-09,-12134.094675624487,1461335.050914437,1208.8569191241936,0.12872917876084433,999.9787534553644,1299.7812705583558,1598.5281481918366,0.2985566210215075,0.21760886296700685
89615.05019466049,4.9523809523809526,0.3646998035654064,0.6206756940971156,0.8861881189962886,0.239099601587627,0.1775996542869938,0.09294076941725163,-0.0809820707710184,9.929962143528048e-09,-12319.594335222038,1462393.91991594,1209.2948027325428,0.12880779833742972,999.9777274734988,1299.770710292635,1598.4571571263466,0.29900873534626377,0.2180266546452832
80308.5722139152,4.904761904761905,0.36446426587702596,0.6211743664397575,0.88959022573576,0.2410946227523128,0.17749088279481157,0.092601783626033,-0.08101528733945254,9.925415597761828e-09,-12503.095667737745,1463456.8097717427,1209.7341897176184,0.1288865693841873,999.9767001713084,1299.7601366250174,1598.3860824194815,0.29946429214168946,0.21844899487682135
71968.56730011529,4.857142857142858,0.3642291839588865,0.6216742426688954,0.8930318182381108,0.24311133354425127,0.1773821190305904,0.09226113755667208,-0.08104737968491421,9.920734788525077e-09,-12684.585104452088,1464523.7367584403,1210.175085166787,0.12896549252673833,999.9756715453578,1299.7495495208789,1598.3149238621058,0.2999233717361972,0.2188759821305482
64494.667710376205,4.809523809523809,0.3639945563430071,0.6221753276363428,0.8965136661650699,0.24515013940572206,0.1772733601980456,0.09191881968328706,-0.08107832928300891,9.91591750402745e-09,-12864.048972920453,1465594.7172711494,1210.61749420333,0.12904456839391512,999.9746415921974,1299.7389489454372,1598.243681244139,0.30038605683452785,0.21930771763560142
57796.92884153313,4.761904761904762,0.3637603815680176,0.6226776262213324,0.9000365603304774,0.24721145746680162,0.17716460348071997,0.09157481832434476,-0.08110811721462448,9.910961488007588e-09,-13041.473495014274,1466669.7678245434,1211.0614219867396,0.1291237976177845,999.9736103083621,1299.7283348637513,1598.1723543545454,0.30085243260259664,0.21974430547701068
51794.74679231213,4.714285714285714,0.36352665817912083,0.6231811433307153,0.903601313461968,0.24929571698523878,0.17705584604178176,0.09122912163814394,-0.08113672415467818,9.90586443849251e-09,-13216.844784878118,1467748.9050538996,1211.5068737130218,0.12920318083367163,999.9725776903708,1299.7177072407192,1598.1009429813291,0.3013225867564432,0.22018585269590057
46415.88833612782,4.666666666666667,0.3632933847280542,0.6236858838991625,0.9072087609977499,0.2514033598074591,0.1769470850238216,0.09088171761812665,-0.08116413036044651,9.900624006511665e-09,-13390.148846806405,1468832.1457161559,1211.9538546149997,0.12928271868018398,999.971543734726,1299.707066041083,1598.029446911535,0.3017966096554716,0.2206324693944011
41595.62163071843,4.619047619047619,0.36306055977305224,0.6241918528893681,0.910859761919902,0.25353484085169037,0.17683831754864768,0.09053259408803378,-0.08119031565947768,9.895237794766142e-09,-13561.37157304342,1469919.5066909771,1212.4023699626198,0.12936241179923555,999.9705084379151,1299.6964112294218,1597.9578659312326,0.302274594400152,0.22108426884543653
37275.93720314938,4.571428571428571,0.3628281818788091,0.624699055292254,0.9145551996256147,0.25569062861420255,0.1767295407170794,0.09018173869692195,-0.08121525943708692,9.889703356253443e-09,-13730.49874151024,1471011.004981836,1212.8524250632622,0.12944226083607122,999.9694717964084,1299.6857427701507,1597.8861998255193,0.3027566369343416,0.22154136760755136
33404.849835132445,4.523809523809524,0.36259624961644144,0.6252074961271771,0.9182959828377946,0.257871205699655,0.1766207516087384,0.08982913891405825,-0.08123894062343472,9.884018192848261e-09,-13897.516013462315,1472106.6577171013,1213.3040252620533,0.12952226643929135,999.9684338066617,1299.6750606275239,1597.8144483785074,0.30324283615236736,0.2220038856449144
29935.772947204903,4.476190476190476,0.3623647615634515,0.6257171804421374,0.9220830465564592,0.26007706937654324,0.1765119472818376,0.08947478202370962,-0.08126133768018799,9.878179753839712e-09,-14062.408931081274,1473206.4821511405,1213.757175942182,0.12960242926087667,999.9673944651116,1299.6643647656347,1597.7426113733263,0.3037332940109985,0.22247194645263077
26826.957952797275,4.428571428571429,0.3621337163036905,0.6262281133139892,0.9259173530523419,0.2623087321587393,0.17640312477296677,0.08911865511984385,-0.0812824285867645,9.872185434425439e-09,-14225.162915004656,1474310.4956654331,1214.2118825252178,0.12968274995621326,999.9663537681823,1299.6536551484064,1597.6706885921094,0.30422811564642505,0.22294567718747513
24040.991835099743,4.380952380952381,0.3619031124273222,0.626740299848653,0.9297998929041325,0.2645667224141176,0.17629428109687534,0.08876074510075851,-0.08130219082616033,9.866032574163044e-09,-14385.763261797241,1475418.7157696956,1214.6681504714345,0.12976322918411767,999.9653117122781,1299.642931739601,1597.5986798159927,0.30472740949633936,0.22342520880414643
21544.346900318866,4.333333333333334,0.36167294853078674,0.62725374518133,0.9337316860807757,0.26685158500125916,0.1761854132462517,0.08840103866365502,-0.0813206013703607,9.859718455379274e-09,-14544.195141367592,1476531.1601030196,1215.1259852801352,0.1298438676068626,999.9642682937887,1299.6321945028078,1597.5265848251058,0.3052312874272076,0.22391067619712848
19306.977288832495,4.285714285714286,0.361443223216765,0.6277684544767185,0.9377137830702509,0.26916388193522844,0.17607651819149842,0.08803952229917422,-0.08133763666533424,9.85324030153739e-09,-14700.443594333545,1477647.8464350218,1215.5853924899814,0.12992466589020232,999.9632235090862,1299.6214434014564,1597.4544033985703,0.3057398648668022,0.22440221834822768
17301.957388458944,4.238095238095238,0.3612139350941425,0.6282844329292316,0.941747266056255,0.2715041930834134,0.17596759288050348,0.08767618228591045,-0.08135327261561058,9.846595275563196e-09,-14854.49352934017,1478768.7926670061,1216.0463776793245,0.13000562470339883,999.9621773545265,1299.6106783988007,1597.3821353144876,0.30625326094204885,0.22489997847984297
15505.157798326254,4.190476190476191,0.36098508277797453,0.628801685763218,0.9458332501442149,0.2738731168924238,0.17585863423840692,0.08731100468492081,-0.08136748456844174,9.839780478130094e-09,-15006.329720334048,1479894.0168331398,1216.5089464665436,0.13008674471924772,999.9611298264476,1299.599899457929,1597.3097803499375,0.3067715986222316,0.2254041042140094
13894.954943731389,4.142857142857143,0.3607566648894507,0.6293202182331837,0.9499728846380487,0.2762712711470398,0.17574963916736272,0.08694397533424623,-0.08138024729754699,9.832792945903688e-09,-15155.936803797358,1481023.5371016422,1216.973104510384,0.13016802661410465,999.9600809211729,1299.5891065417559,1597.2373382809728,0.3072950048675817,0.22591474773724177
12451.97084735032,4.095238095238095,0.36052868005586014,0.6298400356240161,0.9541673543691015,0.2786992937622032,0.1756406045462955,0.08657507984346133,-0.08139153498644158,9.825629649746294e-09,-15303.299275945516,1482157.3717759862,1217.4388575103007,0.13024947106791185,999.9590306350054,1299.5782996130267,1597.1648088826087,0.3078236107832598,0.2264320659711886
11158.83992507748,4.0476190476190474,0.3603011269105567,0.6303611432512104,0.9584178810786775,0.2811578436090449,0.17553152723065157,0.08620430358826953,-0.08140132121134935,9.81828749288185e-09,-15448.401489891996,1483295.539296114,1217.9062112068048,0.1303310787642249,999.9579789642336,1299.5674786343116,1597.0921919288198,0.30835755177873003,0.2269562207490932
10000.0,4.0,0.3600740040929249,0.6308835464610975,0.9627257248555935,0.28364760137594147,0.1754224040521446,0.08583163170516049,-0.08140957892369924,9.810763309021642e-09,-15591.227652784037,1484438.0582396663,1218.3751713818147,0.13041285039023978,999.9569259051284,1299.556643568008,1597.0194871925346,0.30889696773250486,0.2274873789980423
8961.50501946605,3.9523809523809526,0.35984731024834526,0.6314072506310742,0.967092185630174,0.28616927046559365,0.17531323181849454,0.08545704908614625,-0.08141628043220585,9.803053860451271e-09,-15731.761822912817,1485584.9473232257,1218.845743859011,0.13049478663682015,999.955871453942,1299.5457943763406,1596.9466944456262,0.3094420031622272,0.22802571292696747
8030.85722139152,3.904761904761905,0.3596210440281607,0.6319322611698357,0.9715186047261137,0.28872357792911907,0.17520400731316055,0.08508054037359322,-0.08142139738453423,9.795155836079323e-09,-15869.987906801824,1486736.2254035743,1219.3179345041942,0.13057688819852473,999.9548156069098,1299.5349310213521,1596.8738134589062,0.309992807400039,0.22857140022034894
7196.856730011521,3.857142857142857,0.3593952040896427,0.6324585835176099,0.9760063664716294,0.29131127543815294,0.17509472729506687,0.0847020899551664,-0.08142490074854884,9.787065849448164e-09,-16005.889656277039,1487891.9114789646,1219.7917492256474,0.13065915577363502,999.9537583602505,1299.5240534649145,1596.8008440021247,0.3105495347731707,0.22912462423755603
6449.466771037627,3.8095238095238098,0.35916978909595776,0.6329862231463936,0.9805568998713243,0.2939331402959493,0.17498538849832168,0.08432168195890277,-0.08142676079314684,9.778780436707293e-09,-16139.450665522632,1489052.0246904076,1220.267193974503,0.13074159006418332,999.9526997101634,1299.513161668716,1596.7277858439518,0.3111123447896692,0.22968557421774194
5779.692884153314,3.761904761904762,0.35894479771613413,0.6335151855601914,0.9851716803401889,0.29658997648847524,0.1748759876319284,0.08393930024843067,-0.08142694706867588,9.770296054549712e-09,-16270.654368125772,1490216.5843229722,1220.7442747451132,0.13082419177598092,999.9516396528313,1299.50225559427,1596.654638751984,0.311681402329167,0.2302544454901951
5179.474679231213,3.7142857142857144,0.358720228625029,0.634045476295257,0.9898522318560043,0.299282615964257,0.17476652137964588,0.083554928407278,-0.08142542837762341,9.761609076923743e-09,-16399.48403068774,1491385.6098070599,1221.222997575406,0.13090696161864657,999.9505781844189,1299.491335202908,1596.5814024927301,0.31225687789934875,0.23083143976011625
4641.588833612782,3.666666666666667,0.3584960805032967,0.6345771009203484,0.9946001342625281,0.3020119226622828,0.1746569864020089,0.08316854956949248,-0.08142217261443392,9.75271577510182e-09,-16525.922698582268,1492559.1207190852,1221.7033685469994,0.13098990030563712,999.9495153010722,1299.4804004557784,1596.5080768316027,0.31283894877163365,0.23141676640448397
4159.562163071847,3.619047619047619,0.35827235203735486,0.6351100650369601,0.999417019736412,0.3047787908342903,0.17454737933342232,0.08278014659706402,-0.081417146895015,9.74361233476523e-09,-16649.953248687547,1493737.1367835577,1222.1853937858846,0.1310730085542745,999.9484509989202,1299.469451313849,1596.4346615329218,0.3134277982576319,0.23201064161900453
3727.593720314942,3.5714285714285716,0.3580490419193521,0.6356443742795713,1.0043045750690984,0.3075841464230164,0.1744376967819594,0.08238970206728487,-0.08141031752828554,9.73429485287617e-09,-16771.558383859774,1494919.6778744105,1222.6690794627998,0.1311562870857748,999.9473852740723,1299.4584877379043,1596.3611563598936,0.3140236159673784,0.232613288704798
3340.4849835132445,3.5238095238095237,0.35782614884713626,0.6361800343158983,1.0092645453703468,0.310428949218876,0.17432793532967328,0.08199719822309198,-0.08140164995498042,9.724759330423371e-09,-16890.7206156647,1496106.7640162013,1223.1544317935495,0.13123973662527827,999.9463181226207,1299.44750968854,1596.2875610746175,0.31462659830804823,0.23322493862830848
2993.5772947204905,3.4761904761904763,0.3576036715242224,0.6367170508471476,1.014298736679977,0.31331419445420167,0.1742180915323547,0.08160261696187907,-0.08139110871776939,9.71500166919425e-09,-17007.42225886449,1497298.4153854824,1223.6414570393904,0.13132335790187924,999.9452495406385,1299.4365171261716,1596.2138754380687,0.315236948787936,0.23384583035516496
2682.6957952797275,3.428571428571429,0.35738160865976115,0.6372554296082701,1.0194090187272986,0.3162409144898691,0.17410816191929104,0.0812059398235512,-0.08137865742983175,9.705017668377829e-09,-17121.64542556029,1498494.6523121868,1224.130161507422,0.13140715164865596,999.9441795241803,1299.4255100110208,1596.1400992100994,0.3158548783370395,0.23447621120219006
2404.0991835099717,3.380952380952381,0.35715995896850733,0.6377951763682189,1.0245973278485863,0.31921018060164186,0.17399814299302704,0.08080714797785138,-0.08136425874185184,9.694803020995778e-09,-17233.372018993454,1499695.4952810253,1224.6205515509796,0.13149111860270116,999.9431080692825,1299.4144883031279,1596.0662321494287,0.31648060564577474,0.23511633720911987
2154.4346900318847,3.3333333333333335,0.3569387211707886,0.6383362969302088,1.02986567007296,0.3222231048735716,0.173888031229126,0.0804062222109884,-0.08134787430740008,9.684353310159063e-09,-17342.583727008405,1500900.9649329002,1225.1126335700324,0.13157525950515234,999.9420351719614,1299.4034519623394,1595.9922740136312,0.3171143575232365,0.2357664735314831
1930.6977288832516,3.285714285714286,0.35671789399247456,0.6388787971319781,1.0352161243870297,0.32528084220578696,0.1737778230759309,0.08000314291159542,-0.08132946474666468,9.673664005147527e-09,-17449.262015180087,1502111.0820663334,1225.6064140115836,0.1316595751012229,999.9409608282159,1299.392400948311,1595.9182245591387,0.31775636927630124,0.23642689485597254
1730.1957388458943,3.238095238095238,0.35649747616494576,0.6394226828460535,1.0406508461886612,0.32838459244400653,0.17366751495432484,0.07959789005604856,-0.08130898960849889,9.662730457309894e-09,-17553.388119609004,1503325.8676389079,1226.101899370076,0.13174406614023312,999.9398850340252,1299.381335220507,1595.8440835412243,0.3184068851107562,0.23709788583952685
1550.5157798326254,3.1904761904761907,0.35627746642506325,0.6399679599800169,1.0461720709402278,0.3315356026381109,0.1735571032574902,0.07919044319317492,-0.08128640733074882,9.651547895781547e-09,-17654.943039386788,1504545.3427687283,1226.5990961878001,0.1318287333756417,999.9388077853487,1299.3702547382013,1595.7698507140008,0.3190661585555201,0.2377797415732234
1389.4954943731389,3.1428571428571432,0.3560578635151381,0.6405146344767746,1.0517821180317024,0.33473516943710746,0.1734465843506655,0.07878078142837937,-0.08126167519882659,9.640111423017534e-09,-17753.907528735264,1505769.5287358942,1227.0980110553087,0.13191357756507732,999.9377290781274,1299.3591594604693,1595.6955258304147,0.31973445291090224,0.23847276807196424
1245.197084735033,3.0952380952380953,0.3558386661829011,0.64106271231483,1.0574833948639502,0.33798464162782366,0.1733359545709001,0.07836888340721943,-0.08123474930249396,9.628416010138178e-09,-17850.262088822026,1506998.4469839917,1227.5986506118325,0.13199859947037085,999.9366489082827,1299.3480493461946,1595.6211086422327,0.32041204172172827,0.2391772827908183
1115.883992507749,3.047619047619048,0.35561987318147315,0.6416121995085577,1.063278401162583,0.3412854228246623,0.17322521022680495,0.07795472729845777,-0.0812055844908213,9.616456492084727e-09,-17943.98695925543,1508232.1191216013,1228.1010215457038,0.13208379985758736,999.935567271717,1299.33692435406,1595.5465989000402,0.32109920927603863,0.23989361516876084
1000.0,3.0,0.3554014832693349,0.6421631021084809,1.069169733532734,0.34463897431775464,0.17311434759829994,0.07753829077662146,-0.0811741343252868,9.604227562582448e-09,-18035.062109262035,1509470.5669238244,1228.6051305947833,0.132169179497059,999.9344841643108,1299.3257844425539,1595.4719963532286,0.32179625112994414,0.24062210720042976
